variable,importance
MAP,36.168622429510286
DBP,27.979500369998515
SBP,27.979500369998515
HCT,6.14184154463381
HG,6.14184154463381
HR,4.094561029755878
