model,accuracy,misclassification_rate,sensitivity,specificity
Logistic regression,0.7391304347826086,0.2608695652173913,0.6363636363636364,0.8333333333333334
