SURVIVE,SBP_mean,SBP_median,SBP_sd,SBP_min,SBP_max,DBP_mean,DBP_median,DBP_sd,DBP_min,DBP_max,MAP_mean,MAP_median,MAP_sd,MAP_min,MAP_max,UO_mean,UO_median,UO_sd,UO_min,UO_max,HG_mean,HG_median,HG_sd,HG_min,HG_max,MCVP_mean,MCVP_median,MCVP_sd,MCVP_min,MCVP_max,AGE_mean,AGE_median,AGE_sd,AGE_min,AGE_max,HT_mean,HT_median,HT_sd,HT_min,HT_max
Survived,122.80434782608697,124,27.00334088431708,48,173,65.19565217391305,65,15.595179254978838,26,108,84.17391304347827,84,18.341414604272316,32,124,100.7536231884058,42,147.06594238685707,0,850,113.25362318840578,111,22.779508525745122,66,180,73.8840579710145,69,52.87722626864261,2,319,52.971014492753625,55,16.382268333524923,16,82,166.07246376811594,168,11.190870680437195,70,183
Died,85.30232558139535,79.5,31.046860130129247,26,182,43.51162790697674,41,18.892104909378858,10,96,55.52325581395349,51.5,22.947370344890373,15,116,11.209302325581396,1,37.91138779065475,0,320,104.95348837209302,104,23.19376537766089,59,158,107.58139534883722,112.5,49.608695897174435,1,257,57.27906976744186,59,16.785603889881845,17,90,161.1627906976744,161,10.126099609269783,140,185
